COUNTER;Front_Bumper_Curvature;Hood_Movement_X;Hood_Movement_Z;Rear_Bumper_Wheel_Covering;Rear_Shoulder_1;Rear_Shoulder_2;Side_Wall_Wheel_Covering_Y;Spoiler_Z;Veh_Apillar;CmpA;CmyA;Vortex_CdA;CdA;CsA;CIA;CIA_Front;CIA_rear;CmrA
100;0;0;0;0;0;0;0;0;0;-0,059889;-0,008673;0,09968;0,748569;0,019831;0,160132;0,057116;0,103016;0,017236
101;0;-25;-30;-30;-30;-20;-20;-30;0;-0,228396;-0,002789;0,12018;0,755256;0,016093;0,211728;0,019082;0,192645;0,012239
102;1;10;0;50;20;20;30;40;1;0,132707;-0,005605;0,08016;0,735656;0,033845;0,046429;0,073322;-0,026894;0,022575
103;0,003436;-17,02346;-29,16998;0,19022;6,169176;0,953302;-2,156851;24,94319;0,845915;-0,167391;-0,009937;0,09707;0,717373;0,027147;0,101951;-0,012528;0,114478;0,023722
104;0,272904;-20,31442;-4,428934;-13,17211;-13,88519;9,776601;-9,1006;23,64298;0,754643;-0,141088;-0,005175;0,09314;0,721921;0,025956;0,104739;-0,00119;0,105929;0,019926
105;0,892986;6,213611;-15,93136;-18,22171;19,89835;16,17657;7,53665;9,81206;0,840079;-0,10975;-0,00308;0,0965;0,726803;0,021175;0,129652;0,023074;0,106579;0,016424
106;0,746114;-19,96421;-2,445322;28,30929;-23,87299;-16,64247;26,86333;27,32014;0,974945;-0,117189;0,007622;0,08725;0,702462;0,01477;0,101725;0,006349;0,095377;0,009421
107;0,804932;1,907357;-0,54679;-29,60366;13,03589;-8,027513;-16,76835;31,73323;0,334277;-0,007336;-0,009465;0,09406;0,754907;0,030401;0,127576;0,060776;0,0668;0,02453
108;0,903759;1,205167;-0,038457;-23,35941;-26,56594;15,97755;5,779856;-9,044049;0,982951;-0,028298;0,002453;0,09717;0,748496;0,015786;0,1591;0,068551;0,090549;0,011122
109;0,738002;-24,76457;-23,60355;14,17583;16,00653;-7,980194;25,03111;30,87026;0,962098;-0,150323;0,007074;0,09178;0,703908;0,016775;0,088088;-0,012978;0,101065;0,009612
110;0,403677;-4,448141;-29,70244;41,45603;11,74707;-16,65807;-8,611636;-21,53719;0,082034;-0,245103;0,00562;0,11004;0,719076;0,007373;0,189434;0,001658;0,187776;0,006809
111;0,245611;1,487427;-0,68983;13,47833;-19,86489;7,414694;26,66019;38,10289;0,326448;0,027726;0,000791;0,08638;0,733978;0,024311;0,104277;0,062431;0,041845;0,016717
112;0,54957;-14,36691;-18,70196;1,323303;8,442374;18,77629;-17,27002;7,372319;0,186889;-0,182882;-0,001101;0,09688;0,721769;0,018486;0,121032;-0,008882;0,129914;0,014492
113;0,73812;-22,62963;-26,8209;-10,89243;-5,876041;18,92885;19,09754;-17,4654;0,739491;-0,183493;-0,004841;0,10424;0,726702;0,028543;0,163071;0,011828;0,151242;0,021339
114;0,226851;9,621138;-24,90686;29,69356;11,78851;19,22163;-8,964354;36,92656;0,836013;-0,115418;-0,012962;0,08806;0,710398;0,03595;0,063884;-0,011832;0,075716;0,025744
115;0,789109;-17,20952;-29,03517;-6,958332;-20,14669;-15,40089;22,87471;34,29878;0,052058;-0,146222;-0,003201;0,09273;0,714325;0,02733;0,097779;-0,006599;0,104378;0,020075
116;0,237651;-3,251059;-29,74335;26,88154;-29,8461;17,60123;-19,33278;16,67462;0,618126;-0,152257;0,001324;0,09151;0,71792;0,010554;0,096536;-0,0095;0,106037;0,010157
117;0,931296;-22,16882;-1,062666;-29,9016;4,788366;-9,593199;-17,77308;-25,89145;0,032772;-0,208061;-0,005515;0,11073;0,741326;0,024287;0,216869;0,029335;0,187534;0,0203
118;0,209296;-7,665704;-27,20401;48,79946;-9,749136;13,27912;29,12873;-25,70109;0,095203;-0,200798;0,004119;0,10123;0,706084;0,023615;0,172445;0,009953;0,162492;0,015152
119;0,188616;-22,86751;-8,537608;13,3902;-8,434183;-2,970138;3,995314;-24,77356;0,012229;-0,217285;0,00193;0,10666;0,725751;0,019956;0,1752;0,005089;0,170111;0,013942
120;0,827729;7,843969;-15,47964;-22,67368;10,2756;-18,56554;-4,983967;-15,94795;0,915126;-0,149403;-0,008552;0,10985;0,739571;0,02471;0,210685;0,048441;0,162244;0,022006
121;0,719764;-10,97845;-13,39409;4,177355;-24,69307;18,52959;28,99409;31,42456;0,913155;-0,098698;-0,003918;0,08472;0,703363;0,037977;0,057851;-0,008513;0,066364;0,024411
122;0,974526;-23,03501;-29,46629;39,61824;16,08668;-17,23842;9,274765;11,63921;0,159701;-0,19283;0,001868;0,10251;0,716617;0,016669;0,134471;-0,005949;0,140421;0,011997
123;0,200121;6,614296;-28,92637;31,39539;5,395212;-12,25563;26,0066;22,74015;0,345752;-0,162734;-0,007216;0,09344;0,699368;0,035062;0,102066;-0,010709;0,112775;0,024284
124;0,015763;-20,25418;-20,27536;34,13284;-29,34531;-18,86804;-6,026301;20,83868;0,899948;-0,17751;-0,005882;0,102;0,723614;0,024353;0,122764;-0,005987;0,128751;0,018976
125;0,103075;3,395185;-14,92811;-21,77839;2,68162;11,65794;-0,638675;-27,64652;0,882825;-0,158404;0,003183;0,10937;0,73417;0,016552;0,204103;0,041758;0,162345;0,012806
126;0,15668;-8,875891;-4,914254;-16,317;-24,18907;-13,60192;15,22298;-12,69436;0,674673;-0,12993;0,002526;0,1019;0,725778;0,013572;0,179973;0,040508;0,139466;0,010717
127;0,460264;2,623028;-11,63638;-28,98125;-14,84572;-19,766;-18,6309;37,63606;0,899058;-0,092512;-0,008659;0,09555;0,737403;0,026048;0,131105;0,030317;0,100787;0,022273
128;0,400825;8,633164;-2,566884;-29,34132;18,74494;-15,19085;24,6291;10,40168;0,064233;-0,013713;0,017157;0,09885;0,743916;0,00574;0,176376;0,082673;0,093703;-0,000706
129;0,590712;-18,5261;-25,28741;46,62788;-19,03247;-3,234365;-14,76712;36,1219;0,037208;-0,138947;0,001707;0,09075;0,71411;0,009486;0,077025;-0,014186;0,09121;0,008503
130;0,485674;9,753278;-15,46194;44,06867;8,060018;5,207543;-19,39176;-23,18695;0,89666;-0,139183;0,002997;0,10517;0,732266;0,01106;0,204389;0,04917;0,155219;0,009693
131;0,002528;8,927748;-18,61131;-0,014273;4,710662;4,636086;-2,260057;3,763965;0,012555;-0,128851;0,003492;0,09625;0,718747;0,010352;0,144702;0,023346;0,121356;0,008389
132;0,968815;2,416875;-12,77167;34,51013;-4,161327;5,49832;-8,95147;32,25408;0,814648;-0,079073;-0,021857;0,08623;0,721303;0,044725;0,09841;0,019114;0,079296;0,036739
133;0,88461;-4,177613;-3,670598;44,23645;-15,2315;6,733364;-0,395406;-27,27249;0,427553;-0,114557;-0,00251;0,10093;0,733317;0,017516;0,187733;0,050188;0,137545;0,01386
134;0,947406;-19,25386;-0,271328;9,293037;16,39211;5,41777;3,427574;-8,247344;0,996438;-0,14688;0,006193;0,10041;0,723246;0,006906;0,169444;0,028851;0,140592;0,006658
135;0,745049;5,23615;-6,609098;21,88283;-27,88924;-17,1062;26,73356;-27,46276;0,036976;-0,081616;0,003875;0,10306;0,734655;0,02115;0,213621;0,075543;0,138078;0,015061
136;0,083166;-20,93484;-0,975365;18,23284;10,56699;-19,94107;29,39059;28,52405;0,805951;-0,131473;0,006817;0,09096;0,703245;0,0172;0,12662;0,013347;0,113273;0,011881
137;0,276413;-5,00837;-5,907176;47,33995;19,38642;9,475911;23,34592;10,3116;0,369308;-0,088106;-0,002047;0,09309;0,715112;0,02251;0,13756;0,035199;0,102361;0,018104
138;0,563572;7,236427;-6,316108;22,51756;-22,7371;-16,94814;-12,93514;34,91858;0,153809;-0,022473;0,003737;0,08907;0,738773;0,007076;0,120863;0,051707;0,069157;0,006593
139;0,102874;-24,71738;-4,109131;47,21724;1,2607;-3,720721;2,067611;-11,69707;0,951662;-0,194746;-0,012247;0,10158;0,716061;0,026775;0,157959;0,005026;0,152933;0,023414
140;0,230741;-21,31908;-2,9814;-17,91289;17,93727;15,98708;26,48402;-13,02266;0,409662;-0,175047;0,003243;0,1032;0,721359;0,024122;0,178256;0,022587;0,155669;0,014721
141;0,814275;8,133995;-1,56236;28,81826;13,24265;-19,94382;-14,53966;-12,33921;0,046136;-0,047054;0,003168;0,10295;0,747959;0,010258;0,208902;0,086265;0,122637;0,009577
142;0,785761;-22,77766;-26,81549;-26,96931;-5,555099;-12,03621;-12,50867;11,43016;0,607837;-0,176484;-0,011131;0,09832;0,729272;0,034428;0,130794;-0,001599;0,132393;0,026266
143;0,638778;-24,1399;-4,262306;-14,49686;9,996214;-9,319281;25,64592;35,3476;0,115204;-0,139814;-0,00913;0,09341;0,715688;0,041912;0,108535;0,001183;0,107352;0,030128
144;0,866005;-2,887298;-26,66041;46,26088;7,2246;16,37216;20,20904;35,37921;0,180335;-0,137508;-0,002594;0,0901;0,701365;0,018703;0,059386;-0,022428;0,081814;0,012735
145;0,541616;1,737091;-29,84998;-16,75924;-15,9463;-15,41402;17,36809;-25,17846;0,524973;-0,222859;-0,001045;0,11506;0,731744;0,019259;0,196847;0,013764;0,183083;0,014847
146;0,920768;7,493464;-24,86778;-29,27917;-14,39788;11,03633;-11,43744;1,297832;0,175542;-0,178328;0,001745;0,09857;0,726551;0,010271;0,132238;-0,001577;0,133815;0,008804
147;0,037042;-18,58877;-11,94343;39,51604;11,81063;-19,05817;-11,25924;34,50571;0,122291;-0,181464;-0,004051;0,0947;0,71148;0,018607;0,107997;-0,014838;0,122835;0,016746
148;0,000036;7,752148;-29,99997;49,99992;6,211595;19,99979;29,99965;31,7334;0,382895;-0,125242;-0,015806;0,08581;0,699673;0,047374;0,051165;-0,021883;0,073049;0,035057
149;0,000001;9,999977;-26,66046;49,99998;12,70815;20;29,99975;31,73301;0,999995;-0,121832;-0,018851;0,08574;0,702024;0,053296;0,062145;-0,015124;0,077269;0,034815
150;0,000001;9,999977;-26,66046;49,99998;-8,247176;20;29,99975;31,73301;0,999995;-0,099165;-0,015566;0,08556;0,703006;0,05046;0,045728;-0,014729;0,060457;0,035241
160;0,000001;9,999977;-26,66046;49,99998;-1,731245;20;29,99975;31,73301;0,999995;-0,114608;-0,003546;0,08491;0,698373;0,024961;0,052754;-0,01707;0,069824;0,017769
